"","df","logLik","AICc","delta","weight"
"1+3+5+6+7+8+10",10,-131.496528921802,283.290355140902,0,0.345128996971806
"1+3+5+6+7+8+9+10",11,-130.884738143557,284.126715799969,0.836360659066997,0.227178924776849
"1+5+6+7+8+9+10",10,-132.297268131269,284.891833559836,1.60147841893422,0.154961863071545
"1+3+4+5+6+7+8+10",11,-131.358623580865,285.074486674585,1.78413153368325,0.141436730748607
"1+2+3+5+6+7+8+10",11,-131.433040908883,285.223321330622,1.93296618972005,0.131293484431193
