"","Estimate","StdErr","t.value","p.value"
"(Intercept)",-0.148107925846018,0.172790204344317,-0.857154642579651,0.391489827775639
"bio_1",-0.273936093707079,0.0462293649505126,-5.92558634539585,3.81503296076098e-09
"bio_12",-0.0904184283675908,0.0838298091445064,-1.07859518338789,0.28093338537432
"bio_4",-0.156106752087838,0.040712703975809,-3.83434989188128,0.000130857052920159
"bio_15",0.00884804749929979,0.0265695733791377,0.333014285665846,0.73916782148564
"wind",0.0440319964833341,0.031532417353363,1.39640408757428,0.16278960302581
"srad",0.136568677507428,0.0403141471432891,3.38761172404368,0.000722412587477895
"ai",-0.0524038041039585,0.0810488979416564,-0.646570224084746,0.51800434038821
