"","(Intercept)","ai","bio_2","bio_5","srad","wind","bio_19","bio_15","bio_18","alt","bio_3"
"full",0.371788645081177,-6.49289774421594e-06,0.0187954084276516,-0.0143617128949887,1.42143136239333e-05,0.0237756535795647,2.98295453478322e-05,0.000134889150388323,-8.6352113397185e-06,-3.78622087240774e-06,-1.21109282142336e-05
"subset",0.371788645081177,-6.49289774421594e-06,0.0187954084276516,-0.0143617128949887,1.42143136239333e-05,0.0237756535795647,5.71090168884653e-05,0.000426603517500167,-3.98532750483467e-05,-1.73699163602205e-05,-0.000207602588696126
