"","df","logLik","AICc","delta","weight"
"1+3+5+6+7+8+10",10,-940.231241616297,1900.75978052989,0,0.345128996985909
"1+3+5+6+7+8+9+10",11,-939.619450838051,1901.59614118896,0.836360659066486,0.227178924786191
"1+5+6+7+8+9+10",10,-941.031980826025,1902.36125894935,1.60147841945764,0.154961863037322
"1+3+4+5+6+7+8+10",11,-940.093336275361,1902.54391206358,1.78413153368638,0.141436730754165
"1+2+3+5+6+7+8+10",11,-940.167753603379,1902.69274671961,1.93296618972226,0.131293484436413
