"","(Intercept)","ai","bio_18","bio_2","bio_3","bio_5","srad","wind","bio_19","alt","bio_15","deciduousnesslikely_evergreen"
"full",2.3192545891759,1.61748892122169e-05,0.000445635484674214,-0.124240437127465,0.0128119333494039,0.0471118674744886,-5.30609903103193e-05,-0.149027733463886,0.000126509969887697,2.39819466223535e-05,-0.000117153926513754,0.00269965498416237
"subset",2.3192545891759,2.13486584333367e-05,0.000445635484674214,-0.124240437127465,0.0128119333494039,0.0471118674744886,-5.30609903103193e-05,-0.149027733463886,0.000269772378225926,7.75094042470219e-05,-0.00106542785383394,0.0314182174620272
