"","(Intercept)","ai","bio_15","bio_19","bio_2","bio_5","deciduousnessevergreen","wind","srad","bio_18","alt"
"full",0.293381906011189,-9.79504747140492e-06,0.000926546020199635,0.000126195609927465,0.0167432369035652,-0.0140158211200574,0.168172527428797,0.0489779424424999,3.48080929292897e-06,5.04210096710814e-06,1.28532700857799e-06
"subset",0.293381906011189,-9.79504747140492e-06,0.00109645468022005,0.000126195609927465,0.0167432369035652,-0.0140158211200574,0.168172527428797,0.0489779424424999,9.10870915540662e-06,3.56491622821098e-05,9.7897242513324e-06
