"","df","logLik","AICc","delta","weight"
"1+4+6+7+8+10+11",10,-2317.63684263606,4655.41381266065,0,0.219304532701692
"4+5+6+7+8+10+11",10,-2318.09298977581,4656.32610694016,0.912294279509297,0.138977796701339
"1+4+5+6+7+8+10+11",11,-2317.09746401277,4656.36318806378,0.949375403130034,0.136424810304893
"1+2+4+6+7+8+10+11",11,-2317.2608659058,4656.68999184983,1.27617918918349,0.115858744536764
"1+3+4+6+7+8+10+11",11,-2317.31312541317,4656.79451086459,1.38069820394139,0.109959511657384
"2+4+5+6+7+8+10+11",11,-2317.37493694939,4656.91813393702,1.50432127637305,0.103368542637752
"1+2+4+5+6+7+8+10+11",12,-2316.49607417372,4657.19112793927,1.77731527862124,0.0901796403503462
"1+4+6+7+8+9+10+11",11,-2317.55974627381,4657.28775258587,1.87393992521811,0.0859264211098304
