"","(Intercept)","ai","bio_15","bio_19","bio_2","bio_5","deciduousnessevergreen","wind","srad","bio_18","alt"
"full",-0.593128673530451,-0.168251465245779,0.0651030646725471,0.104024906236095,0.102514787075133,-0.162152843568327,0.493670156473236,0.151170932664427,0.0226808078650208,0.00375872046362009,0.00262477824372477
"subset",-0.593128673530451,-0.168251465245779,0.0770415698710915,0.104024906236095,0.102514787075133,-0.162152843568327,0.493670156473236,0.151170932664427,0.0593519681429444,0.0265752781726355,0.0199916869827305
