"","df","logLik","AICc","delta","weight"
"1+5+6+7+8+10",9,-1062.80747885941,2143.85787269857,0,0.253226428946176
"1+2+5+6+7+8+10",10,-1061.87178190813,2144.04086111355,0.182988414985175,0.231085981846982
"1+4+5+6+7+8+10",10,-1062.09864229828,2144.49458189387,0.636709195297044,0.184182933385528
"1+2+4+5+6+7+8+10",11,-1061.53392591994,2145.42509135274,1.56721865417057,0.115662299890936
"1+3+5+6+7+8+10",10,-1062.61359062738,2145.52447855205,1.66660585348291,0.110055098716248
"1+2+5+6+7+8+9+10",11,-1061.62317058744,2145.60358068774,1.74570798917421,0.10578725721413
