"","(Intercept)","ai","alt","bio_15","bio_2","bio_3","srad","wind","bio_5","deciduousnesslikely_evergreen","bio_19"
"full",0.148652016409407,-0.0767572273516899,0.0894877392535445,-0.0375409047120164,0.0167223889044286,-0.0371786607447126,0.0169151624684747,0.125000791130034,0.0212634293784514,-0.0313985886729747,-0.000219763759662648
"subset",0.148652016409407,-0.079054569622047,0.0894877392535445,-0.0472913397021241,0.0424673536712509,-0.061261400223293,0.0458936732189627,0.125000791130034,0.0573457954368243,-0.0856965993432278,-0.00876329152836682
