"","df","logLik","AICc","delta","weight"
"2345",7,-2085.78555141871,4185.64221394853,0,0.257233515049292
"23456",8,-2084.88035592703,4185.85219851226,0.209984563734906,0.231595429107261
"1245",7,-2086.28156193224,4186.63423497559,0.992021027064766,0.156643696576132
"12456",8,-2085.37899547254,4186.84947760327,1.20726365473911,0.140660961128898
"12345",8,-2085.60947596759,4187.31043859338,1.66822464484994,0.111706173016356
"123456",9,-2084.68733333838,4187.48909770028,1.84688375175119,0.10216022512206
