"","Estimate","StdErr","t.value","p.value"
"(Intercept)",-0.668772413639418,0.180405809389615,-3.70704477811521,0.000225284188869149
"bio_1",-0.173181922352533,0.07022675599623,-2.46603904588488,0.0138864297132607
"bio_12",-0.194295317779457,0.112574258398636,-1.72593024856037,0.0847757001392495
"wind",0.0888997546080102,0.0461637117163206,1.92574971341789,0.054516929489517
"srad",0.171663589326364,0.058221560328697,2.94845394656577,0.00329383998593474
"ai",0.0693049844376441,0.111827013280492,0.619751725495957,0.53561126161117
"alt",0.0333838132938145,0.046426673167239,0.719065378076061,0.472326722692828
"deciduousnessevergreen",0.55665398645126,0.0972869758890226,5.72177294406033,1.52873173129148e-08
