"","(Intercept)","alt","bio_2","deciduousnessevergreen","wind","bio_19","bio_15","bio_18","bio_3","ai","bio_5"
"full",1.70477559829967,4.5585364790892e-05,0.0100354467062366,-0.0275667222860562,0.0535706470116113,-4.68986247315497e-05,-0.000107797957973811,1.48888246414933e-05,5.11754859636154e-05,1.76804197618237e-07,-0.000596912963755156
"subset",1.70477559829967,4.9594251567462e-05,0.0123074748901815,-0.0505000846465745,0.0535706470116113,-7.46578327806774e-05,-0.000524451305571398,6.06777557540731e-05,0.000571631239826091,2.75883729469222e-06,-0.0056038203677089
