"","df","logLik","AICc","delta","weight"
"34567",8,-944.075632955949,1904.34533599276,0,0.386767808613891
"3456",7,-945.642062087109,1905.43486441648,1.08952842371809,0.224317020943396
"234567",9,-943.70560034923,1905.65411567822,1.30877968545587,0.201026088365781
"134567",9,-943.773183241966,1905.78928146369,1.44394547092747,0.187889082076932
