"","(Intercept)","bio_1","bio_12","bio_4","srad","wind","ai"
"full",-0.147649859217484,-0.284344304122118,-0.089783099371351,-0.149408012865025,0.150749836468973,0.0193800684449669,-0.0511257498914257
"subset",-0.147649859217484,-0.284344304122118,-0.127769595110911,-0.149408012865025,0.150749836468973,0.0408503155614259,-0.100016910791372
