"","df","logLik","AICc","delta","weight"
"1+4+6+7+8+9+10",10,-1857.7742500868,3735.68844928302,0,0.236595120554436
"4+5+6+7+8+9+10",10,-1858.24766359109,3736.63527629159,0.946827008565378,0.147368584169981
"1+4+5+6+7+8+9+10",11,-1857.2421589898,3736.65236381028,0.963914527259931,0.146114865811795
"1+2+4+6+7+8+9+10",11,-1857.35389157815,3736.87582898698,1.18737970395568,0.130668094213869
"1+3+4+6+7+8+9+10",11,-1857.44223717444,3737.05252017957,1.36407089654176,0.119619381357985
"2+4+5+6+7+8+9+10",11,-1857.46168548917,3737.09141680902,1.40296752599579,0.117315462272113
"1+2+4+5+6+7+8+9+10",12,-1856.58312149696,3737.36496910858,1.6765198255539,0.10231849161982
