"","(Intercept)","ai","alt","bio_15","bio_2","bio_3","srad","wind","bio_5","deciduousnesslikely_evergreen","bio_19"
"full",1.82927438453235,-4.86301845567039e-06,4.77557226983103e-05,-0.000582135104321828,0.00297652573380296,-0.000765631296542515,2.82883024432827e-06,0.0441315209831213,0.00200250811836545,-0.0116523574933647,-2.90495194627656e-07
"subset",1.82927438453235,-5.00856850020958e-06,4.77557226983103e-05,-0.000733332059581402,0.00755903787260304,-0.00126157436393498,7.67509097634284e-06,0.0441315209831213,0.00540060678230494,-0.031802939358635,-1.15837756053213e-05
