"","df","logLik","AICc","delta","weight"
"2345",7,-381.089079787037,776.249270685185,0,0.257233515049231
"23456",8,-380.183884295363,776.459255248921,0.209984563735588,0.231595429107128
"1245",7,-381.585090300568,777.241291712248,0.992021027062947,0.156643696576238
"12456",8,-380.682523840865,777.456534339925,1.20726365473979,0.140660961128817
"12345",8,-380.913004335918,777.917495330031,1.66822464484608,0.111706173016546
"123456",9,-379.990861706707,778.096154436936,1.84688375175108,0.102160225122042
