"","(Intercept)","ai","bio_2","bio_3","bio_5","deciduousnessevergreen","wind","alt","bio_19","bio_18","srad"
"full",1.97406679710878,3.97853449842822e-05,-0.133218146112083,0.0109310245204594,0.0528154869387571,-0.470915924753089,-0.169189846229488,5.47704686243665e-05,-6.16044113163341e-05,1.36774088501392e-05,-1.91441232549257e-06
"subset",1.97406679710878,3.97853449842822e-05,-0.133218146112083,0.0109310245204594,0.0528154869387571,-0.470915924753089,-0.169189846229488,0.000121030204061322,-0.000205454029210908,0.000124277830011341,-1.80968140767417e-05
