"","(Intercept)","ai","alt","bio_15","bio_2","bio_3","srad","wind","bio_5","bio_19"
"full",0.126313135555221,-0.0816383568392958,0.0840525880226897,-0.0421275235269062,0.0283063490552825,-0.0422567555042763,0.0181010063611195,0.116840121811281,0.0138150493912441,-0.000421739877693632
"subset",0.126313135555221,-0.0816383568392958,0.0840525880226897,-0.048999218699532,0.0468538297474523,-0.0584188884162288,0.0477254399977632,0.116840121811281,0.0457800084370397,-0.00816965050147176
