"","(Intercept)","ai","alt","bio_15","bio_2","bio_3","srad","wind","bio_5","bio_19"
"full",1.84141834641333,-5.17226652074595e-06,4.48552095613848e-05,-0.000653258313043177,0.0050384275190961,-0.000870205748282029,3.02714665645873e-06,0.0412503918468158,0.00130104829594964,-5.57476789512765e-07
"subset",1.84141834641333,-5.17226652074595e-06,4.48552095613848e-05,-0.000759815537887523,0.00833981184566643,-0.00120303728716072,7.9814294977499e-06,0.0412503918468158,0.00431138538016323,-1.07990511996072e-05
