"","(Intercept)","ai","bio_2","bio_5","srad","wind","bio_19","bio_15","bio_18","alt","bio_3"
"full",-0.144048565100357,-0.11153010661095,0.115079756304444,-0.166154731390301,0.0926201494964605,0.0733838906907243,0.0245889352748428,0.00947786943951672,-0.00643726626304037,-0.00773187708244733,-0.000640688908285329
"subset",-0.144048565100357,-0.11153010661095,0.115079756304444,-0.166154731390301,0.0926201494964605,0.0733838906907243,0.0470758057282075,0.0299749268762404,-0.0297093059894431,-0.0354712678179982,-0.010982533291005
