"","(Intercept)","ai","bio_18","bio_2","bio_3","bio_5","srad","wind","bio_19","alt","bio_15"
"full",2.30061349416601,1.71856241376432e-05,0.000431988988687216,-0.126636213584571,0.0126733705703705,0.0486822178179871,-5.38419681799248e-05,-0.143305087926417,0.00012217991092182,2.8622472938496e-05,-0.000135762939078175
"subset",2.30061349416601,2.21282397779283e-05,0.000431988988687216,-0.126636213584571,0.0126733705703705,0.0486822178179871,-5.38419681799248e-05,-0.143305087926417,0.000258034051953636,8.19724953569409e-05,-0.00106437884898441
