"","(Intercept)","ai","bio_18","bio_2","bio_3","bio_5","srad","wind","bio_19","alt","bio_15","deciduousnesslikely_evergreen"
"full",0.151211363319783,0.0706298614402361,0.0843671007734204,-0.19310135764222,0.172116463183839,0.138395835547387,-0.0877765115259343,-0.116778970206649,0.026477413301962,0.0124324358081151,-0.00209012121319894,0.00201251103709568
"subset",0.151211363319783,0.0932218309070355,0.0843671007734204,-0.19310135764222,0.172116463183839,0.138395835547387,-0.0877765115259343,-0.116778970206649,0.0564609632117006,0.0401815043624641,-0.0190080983599812,0.0234213296806762
