"","Estimate","StdErr","t.value","p.value"
"(Intercept)",0.446842124269142,0.122162263006116,3.65777543140937,0.000262788031997599
"bio_1",-0.0154269715134441,0.00260345063158955,-5.92558634539004,3.81503296089279e-09
"bio_12",-3.922369078792e-05,3.63655349032996e-05,-1.07859518338505,0.280933385375586
"bio_4",-0.000199583339244833,5.2051415461125e-05,-3.83434989186591,0.000130857052928264
"bio_15",0.000125925303803306,0.000378137843396686,0.333014285669376,0.739167821482976
"wind",0.0142659487901627,0.0102162038318182,1.39640408756643,0.16278960302817
"srad",2.09591061303445e-05,6.18698594694931e-06,3.38761172403811,0.00072241258749245
"ai",-3.05077763845241e-06,4.71840107204882e-06,-0.646570224079681,0.518004340391488
