"","(Intercept)","bio_1","bio_12","deciduousnessevergreen","srad","wind","alt","ai"
"full",-0.672737758812407,-0.212494100013255,-0.140083711367028,0.568186063723865,0.174889535970727,0.0593675869576896,0.00783848650597431,0.0159680847390959
"subset",-0.672737758812407,-0.212494100013255,-0.140083711367028,0.568186063723865,0.174889535970727,0.0765358897392504,0.0389923843700905,0.0849867622034458
