"","(Intercept)","alt","bio_2","deciduousnessevergreen","wind","bio_19","bio_15","bio_18","bio_3","ai","bio_5"
"full",0.0863871000631042,0.0854207855561503,0.056380044568278,-0.0742816400922324,0.151736746158931,-0.0354794790185757,-0.00695170829380942,0.0101887312216561,0.00248505519524416,0.00279065360684218,-0.00633826057905857
"subset",0.0863871000631042,0.0929328951824494,0.0691445037919033,-0.136078169665872,0.151736746158931,-0.0564797161292065,-0.0338209791649467,0.0415230455997783,0.0277581180819771,0.0435451157311977,-0.0595036058622066
