"","(Intercept)","ai","bio_18","bio_2","bio_3","bio_5","srad","wind","bio_19","alt","bio_15"
"full",0.152676587148297,0.0750192567245348,0.0818382539253751,-0.197042617030783,0.170379400306011,0.143130302552024,-0.0891567978002922,-0.112404711274448,0.0255945836822839,0.0148539283677737,-0.00242421345344521
"subset",0.152676587148297,0.0965949265192213,0.0818382539253751,-0.197042617030783,0.170379400306011,0.143130302552024,-0.0891567978002922,-0.112404711274448,0.0540536826862634,0.0425404742900707,-0.0190057871668935
